textid	target	model	tokenizer	predicted	prob
0	Business	roberta-large	roberta-large	World	0.27132102847099304
1	Business	roberta-large	roberta-large	World	0.2765824496746063
2	Business	roberta-large	roberta-large	World	0.2728276550769806
3	Business	roberta-large	roberta-large	World	0.27222615480422974
4	Business	roberta-large	roberta-large	World	0.2623926103115082
5	Business	roberta-large	roberta-large	World	0.2742133140563965
6	Business	roberta-large	roberta-large	World	0.27301403880119324
7	Business	roberta-large	roberta-large	Sports	0.2798558175563812
8	Business	roberta-large	roberta-large	World	0.2861045002937317
9	Business	roberta-large	roberta-large	World	0.29659196734428406
10	Business	roberta-large	roberta-large	World	0.2882031202316284
11	Business	roberta-large	roberta-large	World	0.2976679801940918
12	Business	roberta-large	roberta-large	World	0.2787192761898041
13	Business	roberta-large	roberta-large	World	0.27664947509765625
14	Business	roberta-large	roberta-large	Sports	0.26282915472984314
15	Business	roberta-large	roberta-large	World	0.26185187697410583
16	Business	roberta-large	roberta-large	World	0.2774811089038849
17	Business	roberta-large	roberta-large	World	0.2616168260574341
18	Business	roberta-large	roberta-large	World	0.2704366147518158
19	Business	roberta-large	roberta-large	World	0.2579059600830078
20	Business	roberta-large	roberta-large	World	0.26438093185424805
21	Business	roberta-large	roberta-large	World	0.26680755615234375
22	Business	roberta-large	roberta-large	World	0.26270630955696106
23	Business	roberta-large	roberta-large	World	0.2706867456436157
24	Business	roberta-large	roberta-large	World	0.26942330598831177
25	Business	roberta-large	roberta-large	World	0.2686000168323517
26	Business	roberta-large	roberta-large	World	0.26191163063049316
27	Business	roberta-large	roberta-large	World	0.26600101590156555
28	Business	roberta-large	roberta-large	World	0.2575094401836395
29	Business	roberta-large	roberta-large	Sports	0.26223015785217285
30	Business	roberta-large	roberta-large	World	0.26375967264175415
31	Business	roberta-large	roberta-large	World	0.26949459314346313
32	Business	roberta-large	roberta-large	World	0.2689553201198578
33	Business	roberta-large	roberta-large	Sports	0.26134157180786133
34	Business	roberta-large	roberta-large	Sports	0.27520158886909485
35	Business	roberta-large	roberta-large	Sports	0.26132330298423767
36	Business	roberta-large	roberta-large	World	0.2715553045272827
37	Business	roberta-large	roberta-large	Sports	0.27905914187431335
38	Business	roberta-large	roberta-large	Sports	0.28993308544158936
39	Business	roberta-large	roberta-large	Sports	0.27322620153427124
40	Business	roberta-large	roberta-large	Sports	0.2689799964427948
41	Business	roberta-large	roberta-large	Sports	0.2666299641132355
42	Business	roberta-large	roberta-large	World	0.26965296268463135
43	Business	roberta-large	roberta-large	World	0.26965296268463135
44	Business	roberta-large	roberta-large	Sports	0.2757185697555542
45	Business	roberta-large	roberta-large	World	0.2615211606025696
46	Business	roberta-large	roberta-large	World	0.2736520767211914
47	Business	roberta-large	roberta-large	World	0.2775152325630188
48	Business	roberta-large	roberta-large	Sports	0.2569642961025238
49	Business	roberta-large	roberta-large	Business	0.2886478900909424
50	Business	roberta-large	roberta-large	Sports	0.26526185870170593
51	Business	roberta-large	roberta-large	Business	0.2935501039028168
52	Business	roberta-large	roberta-large	World	0.25782158970832825
53	Business	roberta-large	roberta-large	World	0.25974854826927185
54	Business	roberta-large	roberta-large	Sports	0.26065492630004883
55	Business	roberta-large	roberta-large	Business	0.2820376455783844
56	Business	roberta-large	roberta-large	Business	0.28721874952316284
57	Business	roberta-large	roberta-large	World	0.27623340487480164
58	Business	roberta-large	roberta-large	Business	0.28722697496414185
59	Business	roberta-large	roberta-large	Sports	0.2701241672039032
60	Business	roberta-large	roberta-large	World	0.28173360228538513
61	Business	roberta-large	roberta-large	World	0.26901954412460327
62	Business	roberta-large	roberta-large	World	0.26674550771713257
63	Business	roberta-large	roberta-large	World	0.2784131169319153
64	Business	roberta-large	roberta-large	World	0.28822898864746094
65	Business	roberta-large	roberta-large	Sports	0.2696208357810974
66	Business	roberta-large	roberta-large	World	0.28031471371650696
67	Business	roberta-large	roberta-large	Sports	0.2705833315849304
68	Business	roberta-large	roberta-large	Sports	0.2675841152667999
69	Business	roberta-large	roberta-large	Sports	0.2686086893081665
70	Business	roberta-large	roberta-large	World	0.2665797472000122
71	Business	roberta-large	roberta-large	World	0.2652091979980469
72	Business	roberta-large	roberta-large	World	0.264217734336853
73	Business	roberta-large	roberta-large	Sports	0.26535898447036743
74	Business	roberta-large	roberta-large	Sports	0.2666265070438385
75	Business	roberta-large	roberta-large	World	0.27431026101112366
76	Business	roberta-large	roberta-large	World	0.27727189660072327
77	Sci/Tech	roberta-large	roberta-large	World	0.28965622186660767
78	Sci/Tech	roberta-large	roberta-large	Sports	0.27582529187202454
79	Sci/Tech	roberta-large	roberta-large	World	0.2652764916419983
80	Sci/Tech	roberta-large	roberta-large	World	0.287667840719223
81	Sci/Tech	roberta-large	roberta-large	World	0.2648831009864807
82	Sci/Tech	roberta-large	roberta-large	World	0.26456859707832336
83	Sci/Tech	roberta-large	roberta-large	World	0.2631174325942993
84	Sci/Tech	roberta-large	roberta-large	Business	0.280633807182312
85	Sci/Tech	roberta-large	roberta-large	World	0.2718261480331421
86	Sci/Tech	roberta-large	roberta-large	World	0.2724314033985138
87	Sci/Tech	roberta-large	roberta-large	Sports	0.269179105758667
88	Sci/Tech	roberta-large	roberta-large	World	0.26642724871635437
89	Sci/Tech	roberta-large	roberta-large	World	0.2773206830024719
90	Sci/Tech	roberta-large	roberta-large	World	0.26473599672317505
91	Sci/Tech	roberta-large	roberta-large	World	0.2768614888191223
92	Sci/Tech	roberta-large	roberta-large	World	0.280224472284317
93	Sci/Tech	roberta-large	roberta-large	Sports	0.26967114210128784
94	Sci/Tech	roberta-large	roberta-large	Sports	0.28672313690185547
95	Sci/Tech	roberta-large	roberta-large	World	0.2675635516643524
96	Sci/Tech	roberta-large	roberta-large	Sports	0.27510568499565125
97	Sci/Tech	roberta-large	roberta-large	World	0.2697910964488983
98	Sci/Tech	roberta-large	roberta-large	Sports	0.2737346291542053
99	Sci/Tech	roberta-large	roberta-large	Sports	0.29686838388442993
100	Sci/Tech	roberta-large	roberta-large	Sports	0.2657099962234497
101	Sci/Tech	roberta-large	roberta-large	Sports	0.27231597900390625
102	Sci/Tech	roberta-large	roberta-large	Sports	0.2836773693561554
103	Sci/Tech	roberta-large	roberta-large	World	0.2772257626056671
104	Sci/Tech	roberta-large	roberta-large	Sports	0.28370654582977295
105	Sci/Tech	roberta-large	roberta-large	World	0.2679634988307953
106	Sci/Tech	roberta-large	roberta-large	Sports	0.2772285044193268
107	Sci/Tech	roberta-large	roberta-large	Sports	0.2703932225704193
108	Sci/Tech	roberta-large	roberta-large	Sports	0.2622133791446686
109	Sci/Tech	roberta-large	roberta-large	Sports	0.26886624097824097
110	Sci/Tech	roberta-large	roberta-large	World	0.28661155700683594
111	Sci/Tech	roberta-large	roberta-large	World	0.27668702602386475
112	Sci/Tech	roberta-large	roberta-large	World	0.2630651593208313
113	Sci/Tech	roberta-large	roberta-large	World	0.2631400525569916
114	Sci/Tech	roberta-large	roberta-large	World	0.27134010195732117
115	Sci/Tech	roberta-large	roberta-large	World	0.27271461486816406
116	Sci/Tech	roberta-large	roberta-large	Sports	0.30408743023872375
117	Sci/Tech	roberta-large	roberta-large	World	0.2759734094142914
118	Sci/Tech	roberta-large	roberta-large	World	0.26854145526885986
119	Sci/Tech	roberta-large	roberta-large	World	0.27313166856765747
120	Sci/Tech	roberta-large	roberta-large	World	0.2763752341270447
121	Sci/Tech	roberta-large	roberta-large	Sports	0.28673264384269714
122	Sci/Tech	roberta-large	roberta-large	Sports	0.2725834548473358
123	Sci/Tech	roberta-large	roberta-large	Sports	0.29343828558921814
124	Sci/Tech	roberta-large	roberta-large	World	0.28278017044067383
125	Sci/Tech	roberta-large	roberta-large	Sports	0.26894164085388184
126	Sci/Tech	roberta-large	roberta-large	Sports	0.2678489685058594
127	Sci/Tech	roberta-large	roberta-large	Sports	0.2758203148841858
128	Sci/Tech	roberta-large	roberta-large	World	0.273049920797348
129	Sci/Tech	roberta-large	roberta-large	Sports	0.2795429825782776
130	Sci/Tech	roberta-large	roberta-large	World	0.27415090799331665
131	Sci/Tech	roberta-large	roberta-large	World	0.27108845114707947
132	Sci/Tech	roberta-large	roberta-large	World	0.27240151166915894
133	Sci/Tech	roberta-large	roberta-large	World	0.28409308195114136
134	Sci/Tech	roberta-large	roberta-large	World	0.2700175344944
135	Sci/Tech	roberta-large	roberta-large	World	0.26905396580696106
136	Sci/Tech	roberta-large	roberta-large	World	0.2735067307949066
137	Sci/Tech	roberta-large	roberta-large	World	0.2602882385253906
138	Sci/Tech	roberta-large	roberta-large	Sports	0.26735568046569824
139	Sci/Tech	roberta-large	roberta-large	Sports	0.2779613435268402
140	Sci/Tech	roberta-large	roberta-large	Sports	0.2762298882007599
141	Sci/Tech	roberta-large	roberta-large	World	0.2698664963245392
142	Sci/Tech	roberta-large	roberta-large	World	0.27496951818466187
143	Sci/Tech	roberta-large	roberta-large	World	0.2704545259475708
144	Sci/Tech	roberta-large	roberta-large	World	0.2757387161254883
145	Sci/Tech	roberta-large	roberta-large	World	0.267890602350235
146	Sci/Tech	roberta-large	roberta-large	World	0.2675739824771881
147	Sci/Tech	roberta-large	roberta-large	World	0.2735094726085663
148	Sci/Tech	roberta-large	roberta-large	World	0.2700778841972351
149	Sci/Tech	roberta-large	roberta-large	World	0.2707870602607727
150	Sci/Tech	roberta-large	roberta-large	World	0.26194632053375244
151	Sci/Tech	roberta-large	roberta-large	World	0.2745147943496704
152	Sci/Tech	roberta-large	roberta-large	World	0.27582278847694397
153	Sci/Tech	roberta-large	roberta-large	World	0.27615201473236084
154	Sci/Tech	roberta-large	roberta-large	World	0.2813432812690735
155	Sci/Tech	roberta-large	roberta-large	Sports	0.2697291672229767
156	Sci/Tech	roberta-large	roberta-large	World	0.2621510922908783
157	Sci/Tech	roberta-large	roberta-large	Sports	0.26829344034194946
158	Sci/Tech	roberta-large	roberta-large	World	0.2835772633552551
159	Sci/Tech	roberta-large	roberta-large	Sports	0.2640168070793152
160	Sci/Tech	roberta-large	roberta-large	World	0.2798050045967102
161	Sci/Tech	roberta-large	roberta-large	Sports	0.2924054265022278
162	Sci/Tech	roberta-large	roberta-large	Sports	0.2731282114982605
163	Sci/Tech	roberta-large	roberta-large	Sports	0.29044127464294434
164	Sci/Tech	roberta-large	roberta-large	World	0.2663508951663971
165	Sci/Tech	roberta-large	roberta-large	Sports	0.2748800218105316
166	Sci/Tech	roberta-large	roberta-large	Sports	0.3003096580505371
167	Sci/Tech	roberta-large	roberta-large	World	0.26907896995544434
168	Sci/Tech	roberta-large	roberta-large	Sports	0.2850899398326874
169	Sci/Tech	roberta-large	roberta-large	World	0.29156073927879333
170	Sci/Tech	roberta-large	roberta-large	Sports	0.274107962846756
171	Sci/Tech	roberta-large	roberta-large	Sports	0.28483620285987854
172	Sci/Tech	roberta-large	roberta-large	World	0.29027828574180603
173	Sci/Tech	roberta-large	roberta-large	Sports	0.29261794686317444
174	Sci/Tech	roberta-large	roberta-large	World	0.300993949174881
175	Sci/Tech	roberta-large	roberta-large	World	0.2836770713329315
176	Sci/Tech	roberta-large	roberta-large	World	0.29387685656547546
177	Sci/Tech	roberta-large	roberta-large	World	0.2777577340602875
178	Sci/Tech	roberta-large	roberta-large	Sports	0.27608442306518555
179	Sci/Tech	roberta-large	roberta-large	World	0.2927367091178894
180	Sci/Tech	roberta-large	roberta-large	World	0.28767627477645874
181	Sci/Tech	roberta-large	roberta-large	Sports	0.2724747955799103
182	Sci/Tech	roberta-large	roberta-large	World	0.2898924648761749
183	Sci/Tech	roberta-large	roberta-large	World	0.28961774706840515
184	Sci/Tech	roberta-large	roberta-large	Business	0.2924254238605499
185	Sci/Tech	roberta-large	roberta-large	Business	0.276657372713089
186	Sci/Tech	roberta-large	roberta-large	Business	0.2779894769191742
187	Sci/Tech	roberta-large	roberta-large	Business	0.27635085582733154
188	Sci/Tech	roberta-large	roberta-large	Business	0.27546820044517517
189	Sci/Tech	roberta-large	roberta-large	Sports	0.2631239593029022
190	Sci/Tech	roberta-large	roberta-large	Sports	0.26028382778167725
191	Sci/Tech	roberta-large	roberta-large	World	0.25807270407676697
192	Sci/Tech	roberta-large	roberta-large	Sports	0.2592398226261139
193	Sci/Tech	roberta-large	roberta-large	World	0.2572705149650574
194	Sci/Tech	roberta-large	roberta-large	World	0.2609541118144989
195	Sci/Tech	roberta-large	roberta-large	World	0.2616790533065796
196	Sci/Tech	roberta-large	roberta-large	Sports	0.2671174108982086
197	Sci/Tech	roberta-large	roberta-large	Sports	0.2677803635597229
198	Sci/Tech	roberta-large	roberta-large	Sports	0.27865809202194214
199	Sci/Tech	roberta-large	roberta-large	World	0.2607690095901489
200	Sci/Tech	roberta-large	roberta-large	World	0.27144885063171387
201	Sci/Tech	roberta-large	roberta-large	Sports	0.2642941474914551
202	Sci/Tech	roberta-large	roberta-large	World	0.30338865518569946
203	Sci/Tech	roberta-large	roberta-large	World	0.2865343987941742
204	Sci/Tech	roberta-large	roberta-large	World	0.2810826301574707
205	Sci/Tech	roberta-large	roberta-large	World	0.30137890577316284
206	Sci/Tech	roberta-large	roberta-large	World	0.28531596064567566
207	Sci/Tech	roberta-large	roberta-large	World	0.27764758467674255
208	Sci/Tech	roberta-large	roberta-large	World	0.2803531289100647
209	Sci/Tech	roberta-large	roberta-large	World	0.27208206057548523
210	Sci/Tech	roberta-large	roberta-large	World	0.27849093079566956
211	Sci/Tech	roberta-large	roberta-large	World	0.27391713857650757
212	Sci/Tech	roberta-large	roberta-large	World	0.27247104048728943
213	Sci/Tech	roberta-large	roberta-large	World	0.26733431220054626
214	Sci/Tech	roberta-large	roberta-large	World	0.2694338262081146
215	Sci/Tech	roberta-large	roberta-large	Sports	0.2626914083957672
216	Sci/Tech	roberta-large	roberta-large	Sports	0.2705049216747284
217	Sci/Tech	roberta-large	roberta-large	World	0.2796330153942108
218	Sci/Tech	roberta-large	roberta-large	Sports	0.27317214012145996
219	Sci/Tech	roberta-large	roberta-large	World	0.25881728529930115
220	Sci/Tech	roberta-large	roberta-large	World	0.27081283926963806
221	Sci/Tech	roberta-large	roberta-large	World	0.27595576643943787
222	Sci/Tech	roberta-large	roberta-large	Sports	0.2649916112422943
223	Sci/Tech	roberta-large	roberta-large	World	0.2593834698200226
224	Sci/Tech	roberta-large	roberta-large	World	0.2654026448726654
225	Sci/Tech	roberta-large	roberta-large	World	0.2681177854537964
226	Sci/Tech	roberta-large	roberta-large	Sports	0.2646684944629669
227	Sci/Tech	roberta-large	roberta-large	World	0.2716447412967682
228	Sci/Tech	roberta-large	roberta-large	Sports	0.2628154158592224
229	Sci/Tech	roberta-large	roberta-large	World	0.2640261650085449
230	Sci/Tech	roberta-large	roberta-large	Sports	0.2749737501144409
231	Sci/Tech	roberta-large	roberta-large	Sports	0.26676145195961
232	Sci/Tech	roberta-large	roberta-large	Sports	0.2659003436565399
233	Sci/Tech	roberta-large	roberta-large	Sports	0.26553839445114136
234	Sci/Tech	roberta-large	roberta-large	World	0.2584991157054901
235	Sci/Tech	roberta-large	roberta-large	World	0.26875483989715576
236	Sci/Tech	roberta-large	roberta-large	World	0.2569507360458374
237	Sci/Tech	roberta-large	roberta-large	World	0.2719503343105316
238	Sci/Tech	roberta-large	roberta-large	Business	0.2944567799568176
239	Sci/Tech	roberta-large	roberta-large	World	0.27137815952301025
240	Sci/Tech	roberta-large	roberta-large	World	0.27302342653274536
241	Sci/Tech	roberta-large	roberta-large	World	0.27366188168525696
242	Sci/Tech	roberta-large	roberta-large	World	0.270666241645813
243	Sci/Tech	roberta-large	roberta-large	World	0.2741014063358307
244	Sci/Tech	roberta-large	roberta-large	World	0.28201526403427124
245	Sci/Tech	roberta-large	roberta-large	World	0.2658098340034485
246	Sci/Tech	roberta-large	roberta-large	Sports	0.26602187752723694
247	Sci/Tech	roberta-large	roberta-large	World	0.26746657490730286
248	Sci/Tech	roberta-large	roberta-large	World	0.2714603841304779
249	Sci/Tech	roberta-large	roberta-large	World	0.25824713706970215
250	Sci/Tech	roberta-large	roberta-large	World	0.2666753828525543
251	Sci/Tech	roberta-large	roberta-large	Sports	0.265234112739563
252	Sci/Tech	roberta-large	roberta-large	Sports	0.2735784947872162
253	Sci/Tech	roberta-large	roberta-large	Sports	0.25418853759765625
254	Sci/Tech	roberta-large	roberta-large	Sports	0.2827463150024414
255	Sci/Tech	roberta-large	roberta-large	World	0.26270973682403564
256	Sci/Tech	roberta-large	roberta-large	Sports	0.27502143383026123
257	Sci/Tech	roberta-large	roberta-large	World	0.2663824260234833
258	Sci/Tech	roberta-large	roberta-large	Sports	0.2838696241378784
259	Sci/Tech	roberta-large	roberta-large	World	0.28510475158691406
260	Sci/Tech	roberta-large	roberta-large	Sports	0.2915591895580292
261	Sci/Tech	roberta-large	roberta-large	Sports	0.27196836471557617
262	Sci/Tech	roberta-large	roberta-large	Sports	0.26692384481430054
263	Sci/Tech	roberta-large	roberta-large	Sports	0.28217434883117676
264	Sci/Tech	roberta-large	roberta-large	World	0.26395559310913086
265	Sci/Tech	roberta-large	roberta-large	World	0.2746441066265106
266	Sci/Tech	roberta-large	roberta-large	World	0.2766980528831482
267	Sci/Tech	roberta-large	roberta-large	World	0.2801528573036194
268	Sci/Tech	roberta-large	roberta-large	World	0.26060235500335693
269	Sci/Tech	roberta-large	roberta-large	World	0.27493131160736084
270	Sci/Tech	roberta-large	roberta-large	Sports	0.2570438086986542
271	Sci/Tech	roberta-large	roberta-large	World	0.26826974749565125
272	Sci/Tech	roberta-large	roberta-large	World	0.267538458108902
273	Sci/Tech	roberta-large	roberta-large	Sports	0.26931217312812805
274	Sci/Tech	roberta-large	roberta-large	World	0.27445748448371887
275	Sci/Tech	roberta-large	roberta-large	World	0.26264724135398865
276	Sci/Tech	roberta-large	roberta-large	World	0.2598874270915985
277	Sci/Tech	roberta-large	roberta-large	Sports	0.2817941904067993
278	Sci/Tech	roberta-large	roberta-large	World	0.28368452191352844
279	Sci/Tech	roberta-large	roberta-large	Sports	0.2718709409236908
280	Sci/Tech	roberta-large	roberta-large	World	0.2842143476009369
281	Sci/Tech	roberta-large	roberta-large	World	0.2752213180065155
282	Sci/Tech	roberta-large	roberta-large	World	0.28084585070610046
283	Sci/Tech	roberta-large	roberta-large	World	0.2921164333820343
284	Sci/Tech	roberta-large	roberta-large	World	0.269406259059906
285	Sci/Tech	roberta-large	roberta-large	Sports	0.2814475893974304
286	Sci/Tech	roberta-large	roberta-large	World	0.25624337792396545
287	Sci/Tech	roberta-large	roberta-large	Sports	0.25651541352272034
288	Sci/Tech	roberta-large	roberta-large	World	0.2763603925704956
289	Sci/Tech	roberta-large	roberta-large	World	0.2607114017009735
290	Sci/Tech	roberta-large	roberta-large	Sports	0.27215537428855896
291	Sci/Tech	roberta-large	roberta-large	World	0.279458224773407
292	Sci/Tech	roberta-large	roberta-large	World	0.26867273449897766
293	Sci/Tech	roberta-large	roberta-large	Sports	0.2613384425640106
294	Sci/Tech	roberta-large	roberta-large	World	0.2686213552951813
295	Sci/Tech	roberta-large	roberta-large	World	0.27587851881980896
296	Sci/Tech	roberta-large	roberta-large	World	0.28284338116645813
297	Sci/Tech	roberta-large	roberta-large	World	0.26055899262428284
298	Sci/Tech	roberta-large	roberta-large	Sports	0.2720641493797302
299	Sci/Tech	roberta-large	roberta-large	World	0.2619937062263489
300	Sci/Tech	roberta-large	roberta-large	World	0.2770449221134186
301	Sci/Tech	roberta-large	roberta-large	Sports	0.2832252085208893
302	Sci/Tech	roberta-large	roberta-large	World	0.27133843302726746
303	Sci/Tech	roberta-large	roberta-large	World	0.2703627645969391
304	Sci/Tech	roberta-large	roberta-large	World	0.2758502662181854
305	Sci/Tech	roberta-large	roberta-large	World	0.2748497426509857
306	Sci/Tech	roberta-large	roberta-large	World	0.2649029791355133
307	Sci/Tech	roberta-large	roberta-large	World	0.2694239318370819
308	Sci/Tech	roberta-large	roberta-large	World	0.2596268057823181
309	Sci/Tech	roberta-large	roberta-large	Sports	0.2657625079154968
310	Sci/Tech	roberta-large	roberta-large	Sports	0.26062530279159546
311	Sci/Tech	roberta-large	roberta-large	World	0.26723748445510864
312	Sci/Tech	roberta-large	roberta-large	World	0.27085378766059875
313	Sci/Tech	roberta-large	roberta-large	Sports	0.2612527310848236
314	Sci/Tech	roberta-large	roberta-large	World	0.26040369272232056
315	Sci/Tech	roberta-large	roberta-large	Sports	0.25961679220199585
316	Sci/Tech	roberta-large	roberta-large	World	0.26361167430877686
317	Sci/Tech	roberta-large	roberta-large	Sports	0.2652769982814789
318	Sci/Tech	roberta-large	roberta-large	World	0.2571983337402344
319	Sci/Tech	roberta-large	roberta-large	Sports	0.2615083158016205
320	Sci/Tech	roberta-large	roberta-large	World	0.27319374680519104
321	Sci/Tech	roberta-large	roberta-large	World	0.2668161988258362
322	Sci/Tech	roberta-large	roberta-large	Sports	0.2790566682815552
323	Sci/Tech	roberta-large	roberta-large	Business	0.28732043504714966
324	Sci/Tech	roberta-large	roberta-large	World	0.2750627398490906
325	Sci/Tech	roberta-large	roberta-large	Sports	0.2578466832637787
326	Sci/Tech	roberta-large	roberta-large	World	0.26548707485198975
327	Sci/Tech	roberta-large	roberta-large	World	0.26234403252601624
328	Sci/Tech	roberta-large	roberta-large	Sports	0.26040786504745483
329	Sci/Tech	roberta-large	roberta-large	Sports	0.25901085138320923
330	Sci/Tech	roberta-large	roberta-large	Sports	0.26143407821655273
331	Sci/Tech	roberta-large	roberta-large	World	0.27093565464019775
332	Sci/Tech	roberta-large	roberta-large	World	0.2697904109954834
333	Sci/Tech	roberta-large	roberta-large	World	0.2621503174304962
334	Sci/Tech	roberta-large	roberta-large	Sports	0.2666761875152588
335	Sci/Tech	roberta-large	roberta-large	World	0.28327706456184387
336	Sci/Tech	roberta-large	roberta-large	Sports	0.25818464159965515
337	Sci/Tech	roberta-large	roberta-large	World	0.2627691328525543
338	Sci/Tech	roberta-large	roberta-large	Sports	0.2599126696586609
339	Sci/Tech	roberta-large	roberta-large	Sports	0.26429665088653564
340	Sci/Tech	roberta-large	roberta-large	Sports	0.2694396674633026
341	Sci/Tech	roberta-large	roberta-large	World	0.2620619237422943
342	Sci/Tech	roberta-large	roberta-large	Sports	0.2609500288963318
343	Sci/Tech	roberta-large	roberta-large	World	0.2658695578575134
344	Sci/Tech	roberta-large	roberta-large	Sports	0.26011669635772705
345	Sci/Tech	roberta-large	roberta-large	World	0.2620253264904022
346	Sci/Tech	roberta-large	roberta-large	World	0.2581108808517456
347	Sci/Tech	roberta-large	roberta-large	World	0.2712189555168152
348	Sci/Tech	roberta-large	roberta-large	World	0.2733563482761383
349	Sci/Tech	roberta-large	roberta-large	World	0.2574585974216461
350	Sci/Tech	roberta-large	roberta-large	Sports	0.2705533802509308
351	Sci/Tech	roberta-large	roberta-large	Sports	0.26211556792259216
352	Sci/Tech	roberta-large	roberta-large	Sports	0.25926855206489563
353	Sci/Tech	roberta-large	roberta-large	World	0.27723005414009094
354	Sci/Tech	roberta-large	roberta-large	Sports	0.27752578258514404
355	Sci/Tech	roberta-large	roberta-large	Sports	0.2746020555496216
356	Sci/Tech	roberta-large	roberta-large	World	0.2599315047264099
357	Sci/Tech	roberta-large	roberta-large	Sports	0.2716646194458008
358	Sci/Tech	roberta-large	roberta-large	World	0.2589600384235382
359	Sci/Tech	roberta-large	roberta-large	Sports	0.27100682258605957
360	Sci/Tech	roberta-large	roberta-large	Sports	0.26566222310066223
361	Sci/Tech	roberta-large	roberta-large	World	0.284298300743103
362	Sci/Tech	roberta-large	roberta-large	World	0.2717157304286957
363	Sci/Tech	roberta-large	roberta-large	Sports	0.2658299505710602
364	Sci/Tech	roberta-large	roberta-large	World	0.2731631398200989
365	Sci/Tech	roberta-large	roberta-large	World	0.2661973237991333
366	Sci/Tech	roberta-large	roberta-large	Sports	0.27360251545906067
367	Sci/Tech	roberta-large	roberta-large	World	0.2710631787776947
368	Sci/Tech	roberta-large	roberta-large	Sports	0.2673332095146179
369	Sci/Tech	roberta-large	roberta-large	Sports	0.2707456946372986
370	Sci/Tech	roberta-large	roberta-large	World	0.26450538635253906
371	Sci/Tech	roberta-large	roberta-large	Sports	0.2663499414920807
372	Sci/Tech	roberta-large	roberta-large	Sports	0.25763198733329773
373	Sci/Tech	roberta-large	roberta-large	Sports	0.2723366916179657
374	Sci/Tech	roberta-large	roberta-large	Sports	0.26234033703804016
375	Sci/Tech	roberta-large	roberta-large	Sports	0.255795955657959
376	Sci/Tech	roberta-large	roberta-large	World	0.25819846987724304
377	Sci/Tech	roberta-large	roberta-large	Sports	0.267632395029068
378	Sci/Tech	roberta-large	roberta-large	World	0.26508817076683044
379	Sci/Tech	roberta-large	roberta-large	Sports	0.25847774744033813
380	Sci/Tech	roberta-large	roberta-large	Sports	0.25845226645469666
381	Sci/Tech	roberta-large	roberta-large	Sports	0.25812584161758423
382	Sci/Tech	roberta-large	roberta-large	World	0.26952412724494934
383	Sci/Tech	roberta-large	roberta-large	Sports	0.25954851508140564
384	Sci/Tech	roberta-large	roberta-large	Sports	0.2632192075252533
385	Sci/Tech	roberta-large	roberta-large	Sports	0.26182302832603455
386	Sci/Tech	roberta-large	roberta-large	Sports	0.2731824517250061
387	Sci/Tech	roberta-large	roberta-large	World	0.2569478750228882
388	Sci/Tech	roberta-large	roberta-large	Sports	0.2622900605201721
389	Sci/Tech	roberta-large	roberta-large	World	0.26758262515068054
390	Sci/Tech	roberta-large	roberta-large	World	0.2719830572605133
391	Sci/Tech	roberta-large	roberta-large	Sports	0.27475205063819885
392	Sci/Tech	roberta-large	roberta-large	Sports	0.271624356508255
393	Sci/Tech	roberta-large	roberta-large	Sports	0.2620857357978821
394	Sci/Tech	roberta-large	roberta-large	Sports	0.29478877782821655
395	Sci/Tech	roberta-large	roberta-large	World	0.2729327380657196
396	Sci/Tech	roberta-large	roberta-large	World	0.267553448677063
397	Sci/Tech	roberta-large	roberta-large	World	0.27573031187057495
398	Sci/Tech	roberta-large	roberta-large	World	0.2834995687007904
399	Sci/Tech	roberta-large	roberta-large	Sports	0.2768457233905792
400	Sci/Tech	roberta-large	roberta-large	World	0.27113640308380127
401	Sci/Tech	roberta-large	roberta-large	World	0.26532313227653503
402	Sci/Tech	roberta-large	roberta-large	World	0.26734229922294617
403	Sci/Tech	roberta-large	roberta-large	Sports	0.2666656970977783
404	Sci/Tech	roberta-large	roberta-large	World	0.27281463146209717
405	Sci/Tech	roberta-large	roberta-large	World	0.28132256865501404
406	Sci/Tech	roberta-large	roberta-large	World	0.2766854763031006
407	Sci/Tech	roberta-large	roberta-large	World	0.2847802937030792
408	Sci/Tech	roberta-large	roberta-large	World	0.26668596267700195
409	Sci/Tech	roberta-large	roberta-large	World	0.27120304107666016
410	Sci/Tech	roberta-large	roberta-large	Sports	0.2856038212776184
411	Sci/Tech	roberta-large	roberta-large	World	0.27237826585769653
412	Sci/Tech	roberta-large	roberta-large	Business	0.28521260619163513
413	Sci/Tech	roberta-large	roberta-large	World	0.26212871074676514
414	Sci/Tech	roberta-large	roberta-large	Sports	0.27088454365730286
415	Sci/Tech	roberta-large	roberta-large	Sports	0.27490556240081787
416	Sci/Tech	roberta-large	roberta-large	World	0.2547265887260437
417	Sci/Tech	roberta-large	roberta-large	World	0.27467870712280273
418	Sci/Tech	roberta-large	roberta-large	Sports	0.2654566764831543
419	Sci/Tech	roberta-large	roberta-large	World	0.2799796164035797
420	Sci/Tech	roberta-large	roberta-large	Sports	0.27474310994148254
421	Sci/Tech	roberta-large	roberta-large	World	0.26145026087760925
422	Sci/Tech	roberta-large	roberta-large	Sports	0.279557466506958
423	Sci/Tech	roberta-large	roberta-large	World	0.27764084935188293
424	Sci/Tech	roberta-large	roberta-large	Sports	0.2695855498313904
425	Sci/Tech	roberta-large	roberta-large	World	0.27519914507865906
426	Sci/Tech	roberta-large	roberta-large	World	0.2785191237926483
427	Sci/Tech	roberta-large	roberta-large	Sports	0.2687823474407196
428	Sci/Tech	roberta-large	roberta-large	Sports	0.2564062178134918
429	Sci/Tech	roberta-large	roberta-large	World	0.2595148980617523
430	Sci/Tech	roberta-large	roberta-large	World	0.26318877935409546
431	Sci/Tech	roberta-large	roberta-large	World	0.2772238850593567
432	Sci/Tech	roberta-large	roberta-large	World	0.277688592672348
433	Sci/Tech	roberta-large	roberta-large	World	0.2759837508201599
434	Sci/Tech	roberta-large	roberta-large	World	0.28586575388908386
435	Sci/Tech	roberta-large	roberta-large	Sports	0.267894983291626
436	Sci/Tech	roberta-large	roberta-large	Sports	0.2693806290626526
437	Sci/Tech	roberta-large	roberta-large	Sports	0.26583701372146606
438	Sci/Tech	roberta-large	roberta-large	World	0.2584335207939148
439	Sci/Tech	roberta-large	roberta-large	World	0.2738129496574402
440	Sci/Tech	roberta-large	roberta-large	World	0.27450326085090637
441	Sci/Tech	roberta-large	roberta-large	World	0.26504483819007874
442	Sci/Tech	roberta-large	roberta-large	World	0.2872912585735321
443	Sci/Tech	roberta-large	roberta-large	World	0.27905821800231934
444	Sci/Tech	roberta-large	roberta-large	Sports	0.27704453468322754
445	Sci/Tech	roberta-large	roberta-large	World	0.2603504955768585
446	Sci/Tech	roberta-large	roberta-large	World	0.2623501718044281
447	Sports	roberta-large	roberta-large	World	0.3001162111759186
448	Sports	roberta-large	roberta-large	World	0.2657647728919983
449	Sports	roberta-large	roberta-large	World	0.27259042859077454
450	Sports	roberta-large	roberta-large	World	0.273843377828598
451	Sports	roberta-large	roberta-large	Sports	0.2785778343677521
452	Sports	roberta-large	roberta-large	World	0.27212563157081604
453	Sports	roberta-large	roberta-large	World	0.26617056131362915
454	Sports	roberta-large	roberta-large	World	0.297701895236969
455	Sports	roberta-large	roberta-large	World	0.2876057028770447
456	Sports	roberta-large	roberta-large	Sports	0.2830784022808075
457	Sports	roberta-large	roberta-large	World	0.2859841585159302
458	Sports	roberta-large	roberta-large	World	0.26847562193870544
459	Sports	roberta-large	roberta-large	World	0.2804362177848816
460	Sports	roberta-large	roberta-large	World	0.2814996838569641
461	Sports	roberta-large	roberta-large	World	0.2751809060573578
462	Sports	roberta-large	roberta-large	Sports	0.2692907154560089
463	Sports	roberta-large	roberta-large	Sports	0.26672667264938354
464	Sports	roberta-large	roberta-large	Sports	0.27457624673843384
465	Sports	roberta-large	roberta-large	Sports	0.27868393063545227
466	Sports	roberta-large	roberta-large	World	0.26456454396247864
467	Sports	roberta-large	roberta-large	World	0.26689422130584717
468	Sports	roberta-large	roberta-large	World	0.2716078758239746
469	Sports	roberta-large	roberta-large	Sports	0.2898634970188141
470	Sports	roberta-large	roberta-large	World	0.2699905037879944
471	Sports	roberta-large	roberta-large	World	0.27302491664886475
472	Sports	roberta-large	roberta-large	World	0.28034907579421997
473	Sports	roberta-large	roberta-large	World	0.27826616168022156
474	Sports	roberta-large	roberta-large	World	0.2825356125831604
475	Sports	roberta-large	roberta-large	World	0.27921655774116516
476	Sports	roberta-large	roberta-large	Sports	0.26570188999176025
477	Sports	roberta-large	roberta-large	Sports	0.2882869243621826
478	Sports	roberta-large	roberta-large	Sports	0.2650151550769806
479	Sports	roberta-large	roberta-large	Sports	0.26229768991470337
480	Sports	roberta-large	roberta-large	World	0.2580791413784027
481	Sports	roberta-large	roberta-large	World	0.27208077907562256
482	Sports	roberta-large	roberta-large	Sports	0.26291829347610474
483	Sports	roberta-large	roberta-large	World	0.26176589727401733
484	Sports	roberta-large	roberta-large	World	0.2643505930900574
485	Sports	roberta-large	roberta-large	Sports	0.26562678813934326
486	Sports	roberta-large	roberta-large	World	0.2690320312976837
487	Sports	roberta-large	roberta-large	World	0.2881658375263214
488	Sports	roberta-large	roberta-large	World	0.27150943875312805
489	Sports	roberta-large	roberta-large	Sports	0.2741866707801819
490	Sports	roberta-large	roberta-large	World	0.2802748680114746
491	World	roberta-large	roberta-large	World	0.26181378960609436
492	World	roberta-large	roberta-large	World	0.266141414642334
493	World	roberta-large	roberta-large	World	0.2682652771472931
494	World	roberta-large	roberta-large	Sports	0.265779584646225
495	World	roberta-large	roberta-large	World	0.27900323271751404
496	World	roberta-large	roberta-large	World	0.27651357650756836
497	World	roberta-large	roberta-large	World	0.28239357471466064
498	World	roberta-large	roberta-large	Sports	0.2612264156341553
499	World	roberta-large	roberta-large	World	0.28360769152641296
500	World	roberta-large	roberta-large	World	0.2788364887237549
501	World	roberta-large	roberta-large	Sports	0.27160096168518066
502	World	roberta-large	roberta-large	World	0.28821825981140137
503	World	roberta-large	roberta-large	World	0.26815924048423767
504	World	roberta-large	roberta-large	World	0.2819981276988983
505	World	roberta-large	roberta-large	World	0.27754661440849304
506	World	roberta-large	roberta-large	World	0.26364246010780334
507	World	roberta-large	roberta-large	World	0.26672351360321045
508	World	roberta-large	roberta-large	World	0.26760855317115784
509	World	roberta-large	roberta-large	World	0.2652803659439087
510	World	roberta-large	roberta-large	Sports	0.26998230814933777
511	World	roberta-large	roberta-large	World	0.26948535442352295
512	World	roberta-large	roberta-large	World	0.2610419690608978
513	World	roberta-large	roberta-large	World	0.2684730887413025
514	World	roberta-large	roberta-large	Sports	0.25916796922683716
515	World	roberta-large	roberta-large	World	0.2602081298828125
516	World	roberta-large	roberta-large	World	0.2765439748764038
517	World	roberta-large	roberta-large	Sports	0.26107466220855713
518	World	roberta-large	roberta-large	Sports	0.2731643617153168
519	World	roberta-large	roberta-large	Sports	0.26226794719696045
520	World	roberta-large	roberta-large	Sports	0.2591898739337921
521	World	roberta-large	roberta-large	Sports	0.2841710150241852
522	World	roberta-large	roberta-large	World	0.280685156583786
523	World	roberta-large	roberta-large	World	0.2828356623649597
524	World	roberta-large	roberta-large	World	0.27556923031806946
525	World	roberta-large	roberta-large	World	0.29431843757629395
526	World	roberta-large	roberta-large	World	0.2819538116455078
527	World	roberta-large	roberta-large	Sports	0.2752434313297272
528	World	roberta-large	roberta-large	World	0.29066601395606995
529	World	roberta-large	roberta-large	World	0.2824682593345642
530	World	roberta-large	roberta-large	World	0.28097298741340637
531	World	roberta-large	roberta-large	World	0.2824682593345642
532	World	roberta-large	roberta-large	Business	0.2864367961883545
533	World	roberta-large	roberta-large	World	0.27639347314834595
534	World	roberta-large	roberta-large	World	0.28651779890060425
535	World	roberta-large	roberta-large	World	0.27386146783828735
536	World	roberta-large	roberta-large	World	0.2934851050376892
537	World	roberta-large	roberta-large	World	0.28915098309516907
538	World	roberta-large	roberta-large	World	0.2670435607433319
539	World	roberta-large	roberta-large	Sports	0.26690077781677246
540	Business	roberta-large	roberta-large	World	0.26562559604644775
541	Business	roberta-large	roberta-large	Sports	0.27310845255851746
542	Business	roberta-large	roberta-large	World	0.27620750665664673
543	Business	roberta-large	roberta-large	Sports	0.28157052397727966
544	Business	roberta-large	roberta-large	World	0.28533071279525757
545	Business	roberta-large	roberta-large	World	0.29619893431663513
546	Sci/Tech	roberta-large	roberta-large	Sports	0.28151920437812805
547	Sci/Tech	roberta-large	roberta-large	Sports	0.25799065828323364
548	Sci/Tech	roberta-large	roberta-large	World	0.2664845883846283
549	Sci/Tech	roberta-large	roberta-large	Sports	0.28933680057525635
550	Sci/Tech	roberta-large	roberta-large	World	0.272403746843338
551	Sci/Tech	roberta-large	roberta-large	World	0.2800348103046417
552	Sci/Tech	roberta-large	roberta-large	World	0.27730342745780945
553	Sci/Tech	roberta-large	roberta-large	World	0.27232474088668823
554	Sci/Tech	roberta-large	roberta-large	World	0.2661416828632355
555	Sci/Tech	roberta-large	roberta-large	World	0.27511849999427795
556	Sci/Tech	roberta-large	roberta-large	World	0.2757425904273987
557	Sports	roberta-large	roberta-large	World	0.26632919907569885
558	Sports	roberta-large	roberta-large	World	0.2585984766483307
559	Sports	roberta-large	roberta-large	World	0.26762405037879944
560	Sports	roberta-large	roberta-large	Sports	0.2623249292373657
561	Sports	roberta-large	roberta-large	Sports	0.2820313274860382
562	Sports	roberta-large	roberta-large	World	0.27855318784713745
563	Sports	roberta-large	roberta-large	Sports	0.2809905409812927
564	Sports	roberta-large	roberta-large	World	0.2733539342880249
565	Sports	roberta-large	roberta-large	World	0.2852601706981659
566	Sports	roberta-large	roberta-large	World	0.27884429693222046
567	World	roberta-large	roberta-large	Sports	0.27703118324279785
568	World	roberta-large	roberta-large	Sports	0.2627415657043457
569	World	roberta-large	roberta-large	World	0.27681341767311096
570	World	roberta-large	roberta-large	World	0.2699860632419586
571	World	roberta-large	roberta-large	World	0.27934035658836365
572	World	roberta-large	roberta-large	Sports	0.26169416308403015
573	World	roberta-large	roberta-large	World	0.2795107662677765
574	World	roberta-large	roberta-large	World	0.2776997983455658
575	World	roberta-large	roberta-large	Sports	0.2914688289165497
576	World	roberta-large	roberta-large	World	0.2810991704463959
577	World	roberta-large	roberta-large	Sports	0.25815534591674805
578	World	roberta-large	roberta-large	World	0.26393765211105347
579	World	roberta-large	roberta-large	World	0.26185983419418335
580	World	roberta-large	roberta-large	World	0.26968467235565186
581	World	roberta-large	roberta-large	World	0.2934851050376892
582	World	roberta-large	roberta-large	World	0.28542405366897583
583	World	roberta-large	roberta-large	World	0.2705235779285431
584	World	roberta-large	roberta-large	World	0.27901148796081543
585	World	roberta-large	roberta-large	World	0.2819310128688812
586	World	roberta-large	roberta-large	World	0.2840491235256195
587	World	roberta-large	roberta-large	Sports	0.2780229449272156
588	Sci/Tech	roberta-large	roberta-large	Sports	0.2766975462436676
589	Sci/Tech	roberta-large	roberta-large	World	0.2732059359550476
590	Sports	roberta-large	roberta-large	Business	0.2885400950908661
591	Sports	roberta-large	roberta-large	World	0.2616039216518402
592	Sports	roberta-large	roberta-large	World	0.2962120771408081
593	Sports	roberta-large	roberta-large	World	0.2903090715408325
594	Sports	roberta-large	roberta-large	World	0.27441737055778503
595	Sports	roberta-large	roberta-large	World	0.27736571431159973
596	Sports	roberta-large	roberta-large	World	0.2585359513759613
597	World	roberta-large	roberta-large	Sports	0.28505000472068787
598	World	roberta-large	roberta-large	World	0.27734965085983276
599	World	roberta-large	roberta-large	World	0.2997320294380188
600	World	roberta-large	roberta-large	World	0.2763122320175171
601	World	roberta-large	roberta-large	World	0.2830156683921814
602	Sports	roberta-large	roberta-large	World	0.2802852690219879
603	Sports	roberta-large	roberta-large	World	0.2862423360347748
604	Sports	roberta-large	roberta-large	Sports	0.28097981214523315
605	World	roberta-large	roberta-large	World	0.2795107662677765
606	Sports	roberta-large	roberta-large	World	0.27884429693222046
607	World	roberta-large	roberta-large	World	0.2801360487937927
608	Sports	roberta-large	roberta-large	World	0.2792086899280548
609	World	roberta-large	roberta-large	World	0.29186487197875977
610	World	roberta-large	roberta-large	World	0.2676420211791992
611	World	roberta-large	roberta-large	World	0.2768004536628723
612	World	roberta-large	roberta-large	World	0.28335604071617126
613	World	roberta-large	roberta-large	World	0.2898798882961273
614	World	roberta-large	roberta-large	World	0.26137474179267883
615	Sports	roberta-large	roberta-large	World	0.27904751896858215
616	Sports	roberta-large	roberta-large	World	0.2690650522708893
617	Sci/Tech	roberta-large	roberta-large	Sports	0.285372793674469
618	World	roberta-large	roberta-large	World	0.27861231565475464
619	Business	roberta-large	roberta-large	World	0.2593733072280884
620	Sports	roberta-large	roberta-large	World	0.26679980754852295
621	World	roberta-large	roberta-large	World	0.2664085924625397
622	World	roberta-large	roberta-large	World	0.27828097343444824
623	World	roberta-large	roberta-large	Sports	0.2603287398815155
624	Sports	roberta-large	roberta-large	World	0.26434770226478577
625	Sports	roberta-large	roberta-large	World	0.2812386155128479
626	Sports	roberta-large	roberta-large	World	0.27427613735198975
627	Sports	roberta-large	roberta-large	World	0.2591798007488251
628	World	roberta-large	roberta-large	Sports	0.27826809883117676
629	Sports	roberta-large	roberta-large	Sports	0.2774641215801239
630	World	roberta-large	roberta-large	Sports	0.2665497064590454
631	World	roberta-large	roberta-large	World	0.28665292263031006
632	Sports	roberta-large	roberta-large	Sports	0.25943922996520996
633	Sports	roberta-large	roberta-large	World	0.26873427629470825
634	World	roberta-large	roberta-large	Sports	0.2798266112804413
635	Sci/Tech	roberta-large	roberta-large	World	0.27537083625793457
636	Sports	roberta-large	roberta-large	Sports	0.2713683843612671
637	World	roberta-large	roberta-large	World	0.27719637751579285
638	World	roberta-large	roberta-large	World	0.2897302210330963
639	Sports	roberta-large	roberta-large	World	0.26887595653533936
640	World	roberta-large	roberta-large	World	0.28335604071617126
641	Sports	roberta-large	roberta-large	World	0.2695208191871643
642	Sports	roberta-large	roberta-large	World	0.2888495922088623
643	World	roberta-large	roberta-large	World	0.27260711789131165
644	World	roberta-large	roberta-large	World	0.2949138879776001
645	Sports	roberta-large	roberta-large	World	0.2732544541358948
646	Sports	roberta-large	roberta-large	Sports	0.2814123332500458
647	Sports	roberta-large	roberta-large	World	0.2724595069885254
648	Sports	roberta-large	roberta-large	World	0.2596518397331238
649	Sports	roberta-large	roberta-large	World	0.2631254196166992
650	Sports	roberta-large	roberta-large	Sports	0.26659518480300903
651	Sports	roberta-large	roberta-large	World	0.2603868842124939
652	World	roberta-large	roberta-large	World	0.2795107662677765
653	World	roberta-large	roberta-large	Sports	0.25950178503990173
654	Business	roberta-large	roberta-large	World	0.28137242794036865
655	Sports	roberta-large	roberta-large	World	0.27441591024398804
656	Sports	roberta-large	roberta-large	Sports	0.25957024097442627
657	World	roberta-large	roberta-large	World	0.2750675678253174
658	World	roberta-large	roberta-large	World	0.2689441740512848
659	World	roberta-large	roberta-large	World	0.2621680498123169
660	Sports	roberta-large	roberta-large	World	0.2836776673793793
661	World	roberta-large	roberta-large	World	0.2866443693637848
662	Business	roberta-large	roberta-large	World	0.26630181074142456
663	Sports	roberta-large	roberta-large	Sports	0.28521600365638733
664	Sports	roberta-large	roberta-large	World	0.26017850637435913
665	World	roberta-large	roberta-large	World	0.28014039993286133
666	Business	roberta-large	roberta-large	World	0.2683166265487671
667	Business	roberta-large	roberta-large	World	0.28384271264076233
668	Business	roberta-large	roberta-large	World	0.2580804228782654
669	Business	roberta-large	roberta-large	World	0.26776280999183655
670	Business	roberta-large	roberta-large	Sports	0.266027569770813
671	Business	roberta-large	roberta-large	World	0.2567971646785736
672	Business	roberta-large	roberta-large	Sports	0.2621670067310333
673	Business	roberta-large	roberta-large	World	0.276388555765152
674	Sports	roberta-large	roberta-large	World	0.26760467886924744
675	Sports	roberta-large	roberta-large	World	0.2714684307575226
676	Sports	roberta-large	roberta-large	World	0.2648426592350006
677	World	roberta-large	roberta-large	World	0.2653302848339081
678	World	roberta-large	roberta-large	World	0.26647281646728516
679	World	roberta-large	roberta-large	World	0.28665292263031006
680	Sports	roberta-large	roberta-large	World	0.26114940643310547
681	Sports	roberta-large	roberta-large	World	0.2672803997993469
682	Sports	roberta-large	roberta-large	World	0.27295932173728943
683	World	roberta-large	roberta-large	Sports	0.26190611720085144
684	World	roberta-large	roberta-large	Sports	0.26666659116744995
685	Business	roberta-large	roberta-large	World	0.26551058888435364
686	Sports	roberta-large	roberta-large	Sports	0.2621898353099823
687	Sports	roberta-large	roberta-large	World	0.2701726257801056
688	World	roberta-large	roberta-large	World	0.2802158296108246
689	World	roberta-large	roberta-large	World	0.2795127332210541
690	World	roberta-large	roberta-large	World	0.2722698748111725
691	World	roberta-large	roberta-large	World	0.29186487197875977
692	Business	roberta-large	roberta-large	World	0.2915632724761963
693	Sci/Tech	roberta-large	roberta-large	World	0.27496644854545593
694	Sports	roberta-large	roberta-large	Sports	0.2746536135673523
695	Business	roberta-large	roberta-large	World	0.28928154706954956
696	Business	roberta-large	roberta-large	World	0.2916589081287384
697	Sports	roberta-large	roberta-large	Sports	0.27417999505996704
698	World	roberta-large	roberta-large	World	0.27419379353523254
699	World	roberta-large	roberta-large	World	0.2861584722995758
700	Business	roberta-large	roberta-large	World	0.2760792076587677
701	Business	roberta-large	roberta-large	World	0.2750949561595917
702	World	roberta-large	roberta-large	World	0.27308139204978943
703	Sports	roberta-large	roberta-large	World	0.2671445906162262
704	World	roberta-large	roberta-large	World	0.26591014862060547
705	World	roberta-large	roberta-large	World	0.2685811519622803
706	World	roberta-large	roberta-large	World	0.28651317954063416
707	Business	roberta-large	roberta-large	World	0.2639954090118408
708	Business	roberta-large	roberta-large	World	0.2787480652332306
709	Sports	roberta-large	roberta-large	Sports	0.26447317004203796
710	World	roberta-large	roberta-large	Sports	0.26688969135284424
711	Sci/Tech	roberta-large	roberta-large	Sports	0.26986199617385864
712	Sci/Tech	roberta-large	roberta-large	Sports	0.2596640884876251
713	Sci/Tech	roberta-large	roberta-large	World	0.257781982421875
714	Sports	roberta-large	roberta-large	World	0.27148813009262085
715	Sports	roberta-large	roberta-large	Sports	0.26386016607284546
716	World	roberta-large	roberta-large	World	0.27919870615005493
717	World	roberta-large	roberta-large	Sports	0.2656870484352112
718	World	roberta-large	roberta-large	World	0.26035982370376587
719	Sci/Tech	roberta-large	roberta-large	Sports	0.2602148652076721
720	Sci/Tech	roberta-large	roberta-large	Sports	0.269815057516098
721	Sci/Tech	roberta-large	roberta-large	World	0.27293115854263306
722	World	roberta-large	roberta-large	World	0.2609402537345886
723	World	roberta-large	roberta-large	World	0.26135751605033875
724	Business	roberta-large	roberta-large	Sports	0.26740968227386475
725	World	roberta-large	roberta-large	World	0.29182350635528564
726	Business	roberta-large	roberta-large	World	0.28311264514923096
727	Sports	roberta-large	roberta-large	Sports	0.27557894587516785
728	World	roberta-large	roberta-large	World	0.27520185708999634
729	World	roberta-large	roberta-large	World	0.26205822825431824
730	Business	roberta-large	roberta-large	World	0.2717103660106659
731	Business	roberta-large	roberta-large	World	0.2643837630748749
732	World	roberta-large	roberta-large	World	0.26299476623535156
733	World	roberta-large	roberta-large	World	0.27007150650024414
734	World	roberta-large	roberta-large	World	0.27705666422843933
735	Business	roberta-large	roberta-large	World	0.25992605090141296
736	Business	roberta-large	roberta-large	World	0.26571694016456604
737	Business	roberta-large	roberta-large	Sports	0.26787877082824707
738	Business	roberta-large	roberta-large	World	0.2762135863304138
739	Business	roberta-large	roberta-large	Sports	0.27091270685195923
740	Business	roberta-large	roberta-large	Sports	0.27601805329322815
741	Sports	roberta-large	roberta-large	World	0.27468299865722656
742	Sports	roberta-large	roberta-large	World	0.2588561177253723
743	Sports	roberta-large	roberta-large	World	0.2716295123100281
744	Sports	roberta-large	roberta-large	World	0.2664596438407898
745	Sports	roberta-large	roberta-large	Sports	0.2748277485370636
746	Sports	roberta-large	roberta-large	World	0.2695692777633667
747	Sports	roberta-large	roberta-large	World	0.27325358986854553
748	Sports	roberta-large	roberta-large	Sports	0.28581368923187256
749	World	roberta-large	roberta-large	World	0.2570056915283203
750	World	roberta-large	roberta-large	World	0.2860243022441864
751	World	roberta-large	roberta-large	World	0.27635514736175537
752	World	roberta-large	roberta-large	World	0.26961779594421387
753	World	roberta-large	roberta-large	World	0.282245010137558
754	World	roberta-large	roberta-large	World	0.29562732577323914
755	Sci/Tech	roberta-large	roberta-large	World	0.26856130361557007
756	Sci/Tech	roberta-large	roberta-large	World	0.27022942900657654
757	World	roberta-large	roberta-large	World	0.2650136649608612
758	World	roberta-large	roberta-large	Sports	0.2633039653301239
759	Sci/Tech	roberta-large	roberta-large	Sports	0.25775668025016785
760	World	roberta-large	roberta-large	World	0.28798946738243103
761	Business	roberta-large	roberta-large	World	0.2679632604122162
762	Sports	roberta-large	roberta-large	World	0.3008357286453247
763	Sports	roberta-large	roberta-large	World	0.2651221454143524
764	Sports	roberta-large	roberta-large	Sports	0.2721794545650482
765	Sports	roberta-large	roberta-large	World	0.27880963683128357
766	Sports	roberta-large	roberta-large	World	0.2727319896221161
767	Sports	roberta-large	roberta-large	Sports	0.2616455554962158
768	Sports	roberta-large	roberta-large	World	0.29199469089508057
769	Sports	roberta-large	roberta-large	Sports	0.27933815121650696
770	Sports	roberta-large	roberta-large	World	0.2695004343986511
771	World	roberta-large	roberta-large	Sports	0.26842522621154785
772	Sci/Tech	roberta-large	roberta-large	Sports	0.2601311206817627
773	Sports	roberta-large	roberta-large	World	0.28931328654289246
774	World	roberta-large	roberta-large	World	0.26908817887306213
775	World	roberta-large	roberta-large	World	0.28976118564605713
776	World	roberta-large	roberta-large	World	0.288738876581192
777	World	roberta-large	roberta-large	World	0.2836228907108307
778	World	roberta-large	roberta-large	Sports	0.2616100013256073
779	World	roberta-large	roberta-large	Sports	0.2809286415576935
780	World	roberta-large	roberta-large	Sports	0.2586185932159424
781	Sci/Tech	roberta-large	roberta-large	World	0.262552410364151
782	World	roberta-large	roberta-large	World	0.2756832540035248
783	Business	roberta-large	roberta-large	Sports	0.26026245951652527
784	Business	roberta-large	roberta-large	World	0.2728448212146759
785	Business	roberta-large	roberta-large	Sports	0.2592398226261139
786	Sci/Tech	roberta-large	roberta-large	Sports	0.25792184472084045
787	World	roberta-large	roberta-large	World	0.2832506000995636
788	Sci/Tech	roberta-large	roberta-large	Sports	0.2637304365634918
789	Sci/Tech	roberta-large	roberta-large	World	0.2801975905895233
790	Sci/Tech	roberta-large	roberta-large	World	0.2604140043258667
791	World	roberta-large	roberta-large	World	0.27121901512145996
792	Business	roberta-large	roberta-large	World	0.264657586812973
793	World	roberta-large	roberta-large	World	0.2838536500930786
794	Sci/Tech	roberta-large	roberta-large	Sports	0.2692963480949402
795	Sports	roberta-large	roberta-large	Sports	0.26709359884262085
796	Sports	roberta-large	roberta-large	World	0.27959418296813965
797	Sci/Tech	roberta-large	roberta-large	Sports	0.26727354526519775
798	World	roberta-large	roberta-large	Sports	0.2722310423851013
799	Business	roberta-large	roberta-large	Sports	0.26442351937294006
800	Business	roberta-large	roberta-large	World	0.2873784601688385
801	Business	roberta-large	roberta-large	World	0.26843953132629395
802	Business	roberta-large	roberta-large	World	0.2746354639530182
803	Business	roberta-large	roberta-large	World	0.2659287750720978
804	Sports	roberta-large	roberta-large	World	0.28267142176628113
805	Business	roberta-large	roberta-large	Sports	0.27071669697761536
806	Business	roberta-large	roberta-large	World	0.2720407545566559
807	Sci/Tech	roberta-large	roberta-large	World	0.2675551772117615
808	Sci/Tech	roberta-large	roberta-large	Sports	0.2687540650367737
809	Sci/Tech	roberta-large	roberta-large	World	0.26560500264167786
810	Sci/Tech	roberta-large	roberta-large	World	0.25907450914382935
811	Sci/Tech	roberta-large	roberta-large	Sports	0.2628735303878784
812	Sports	roberta-large	roberta-large	Sports	0.2755686938762665
813	Sports	roberta-large	roberta-large	World	0.2888025641441345
814	Sports	roberta-large	roberta-large	World	0.26538264751434326
815	World	roberta-large	roberta-large	World	0.28482335805892944
816	World	roberta-large	roberta-large	World	0.27349671721458435
817	World	roberta-large	roberta-large	World	0.2707136273384094
818	Business	roberta-large	roberta-large	World	0.2704152762889862
819	Business	roberta-large	roberta-large	Sports	0.2759488523006439
820	Business	roberta-large	roberta-large	World	0.2892608642578125
821	Business	roberta-large	roberta-large	World	0.27482035756111145
822	Business	roberta-large	roberta-large	World	0.27365922927856445
823	Business	roberta-large	roberta-large	World	0.2656593918800354
824	Sci/Tech	roberta-large	roberta-large	Sports	0.27529481053352356
825	Sci/Tech	roberta-large	roberta-large	World	0.2651219964027405
826	Business	roberta-large	roberta-large	Sports	0.2771604359149933
827	Business	roberta-large	roberta-large	Sports	0.2759488523006439
828	Sci/Tech	roberta-large	roberta-large	World	0.26856473088264465
829	Sci/Tech	roberta-large	roberta-large	World	0.26474320888519287
830	World	roberta-large	roberta-large	World	0.2695576846599579
831	Sports	roberta-large	roberta-large	World	0.26460686326026917
832	World	roberta-large	roberta-large	World	0.2592994272708893
833	Sci/Tech	roberta-large	roberta-large	World	0.26161977648735046
834	Sci/Tech	roberta-large	roberta-large	World	0.26106271147727966
835	Sci/Tech	roberta-large	roberta-large	World	0.2765556573867798
836	World	roberta-large	roberta-large	World	0.26739856600761414
837	World	roberta-large	roberta-large	Sports	0.2654563784599304
838	World	roberta-large	roberta-large	World	0.2785322070121765
839	World	roberta-large	roberta-large	World	0.28656163811683655
840	World	roberta-large	roberta-large	World	0.2664913237094879
841	World	roberta-large	roberta-large	World	0.27925342321395874
842	Business	roberta-large	roberta-large	Sports	0.2765927314758301
843	Business	roberta-large	roberta-large	World	0.27093780040740967
844	Business	roberta-large	roberta-large	World	0.2761695384979248
845	Business	roberta-large	roberta-large	World	0.26759976148605347
846	Sci/Tech	roberta-large	roberta-large	Sports	0.2563921809196472
847	Sci/Tech	roberta-large	roberta-large	Sports	0.2589527368545532
848	World	roberta-large	roberta-large	Sports	0.2843308448791504
849	World	roberta-large	roberta-large	Sports	0.28710123896598816
850	World	roberta-large	roberta-large	World	0.2852325141429901
851	World	roberta-large	roberta-large	World	0.2816040515899658
852	Business	roberta-large	roberta-large	Sports	0.2775202989578247
853	Business	roberta-large	roberta-large	Sports	0.281231552362442
854	World	roberta-large	roberta-large	World	0.26946407556533813
855	World	roberta-large	roberta-large	Sports	0.26066479086875916
856	Sports	roberta-large	roberta-large	World	0.27242928743362427
857	Business	roberta-large	roberta-large	World	0.2944525480270386
858	Sci/Tech	roberta-large	roberta-large	World	0.27320951223373413
859	Sci/Tech	roberta-large	roberta-large	World	0.26841482520103455
860	World	roberta-large	roberta-large	World	0.2688530385494232
861	World	roberta-large	roberta-large	World	0.2579161822795868
862	Sci/Tech	roberta-large	roberta-large	Sports	0.27153658866882324
863	Sci/Tech	roberta-large	roberta-large	Sports	0.26762714982032776
864	Sports	roberta-large	roberta-large	World	0.282351553440094
865	Business	roberta-large	roberta-large	World	0.26734545826911926
866	World	roberta-large	roberta-large	World	0.27244943380355835
867	Business	roberta-large	roberta-large	World	0.27184322476387024
868	World	roberta-large	roberta-large	Sports	0.29092034697532654
869	Sports	roberta-large	roberta-large	Sports	0.25820115208625793
870	Business	roberta-large	roberta-large	World	0.2595573961734772
871	Business	roberta-large	roberta-large	Sports	0.2837052643299103
872	Business	roberta-large	roberta-large	Sports	0.26732826232910156
873	Sci/Tech	roberta-large	roberta-large	World	0.2587890326976776
874	Sci/Tech	roberta-large	roberta-large	Sports	0.2751910388469696
875	Business	roberta-large	roberta-large	Sports	0.2723538875579834
876	Sci/Tech	roberta-large	roberta-large	World	0.27189430594444275
877	Sci/Tech	roberta-large	roberta-large	Sports	0.25881192088127136
878	World	roberta-large	roberta-large	Business	0.28679797053337097
879	World	roberta-large	roberta-large	World	0.2691270112991333
880	World	roberta-large	roberta-large	World	0.2929186522960663
881	World	roberta-large	roberta-large	World	0.2744813859462738
882	World	roberta-large	roberta-large	Sports	0.26877561211586
883	Business	roberta-large	roberta-large	Sports	0.2775202989578247
884	Business	roberta-large	roberta-large	World	0.27287817001342773
885	Business	roberta-large	roberta-large	World	0.2602684795856476
886	Sci/Tech	roberta-large	roberta-large	World	0.2727859318256378
887	Business	roberta-large	roberta-large	World	0.27365922927856445
888	Sci/Tech	roberta-large	roberta-large	Business	0.2778111398220062
889	Sci/Tech	roberta-large	roberta-large	Sports	0.26152628660202026
890	Sci/Tech	roberta-large	roberta-large	World	0.27015048265457153
891	Sci/Tech	roberta-large	roberta-large	World	0.27402201294898987
892	Business	roberta-large	roberta-large	World	0.28144413232803345
893	Business	roberta-large	roberta-large	World	0.286336749792099
894	Business	roberta-large	roberta-large	Sports	0.27616313099861145
895	Sci/Tech	roberta-large	roberta-large	World	0.2659894526004791
896	Sci/Tech	roberta-large	roberta-large	Business	0.29420557618141174
897	Sci/Tech	roberta-large	roberta-large	World	0.2730909287929535
898	Sci/Tech	roberta-large	roberta-large	World	0.27637815475463867
899	Sports	roberta-large	roberta-large	Sports	0.27229800820350647
900	Sports	roberta-large	roberta-large	World	0.2686992585659027
901	Sports	roberta-large	roberta-large	Sports	0.26404184103012085
902	World	roberta-large	roberta-large	Sports	0.27965685725212097
903	World	roberta-large	roberta-large	World	0.2782876491546631
904	World	roberta-large	roberta-large	World	0.27672621607780457
905	World	roberta-large	roberta-large	World	0.28192853927612305
906	World	roberta-large	roberta-large	Sports	0.2661820650100708
907	World	roberta-large	roberta-large	World	0.2815527617931366
908	World	roberta-large	roberta-large	World	0.2732863426208496
909	World	roberta-large	roberta-large	Sports	0.28203561902046204
910	World	roberta-large	roberta-large	World	0.27672430872917175
911	World	roberta-large	roberta-large	World	0.28300052881240845
912	World	roberta-large	roberta-large	World	0.26619085669517517
913	World	roberta-large	roberta-large	World	0.2911953032016754
914	World	roberta-large	roberta-large	World	0.27069348096847534
915	Business	roberta-large	roberta-large	World	0.28012198209762573
916	Business	roberta-large	roberta-large	World	0.28224053978919983
917	Sci/Tech	roberta-large	roberta-large	World	0.2650412321090698
918	World	roberta-large	roberta-large	Sports	0.268176794052124
919	Business	roberta-large	roberta-large	Sports	0.25879064202308655
920	Business	roberta-large	roberta-large	World	0.2701076567173004
921	Business	roberta-large	roberta-large	World	0.2667601406574249
922	Sci/Tech	roberta-large	roberta-large	Sports	0.2608914375305176
923	World	roberta-large	roberta-large	World	0.2668948173522949
924	World	roberta-large	roberta-large	World	0.27768567204475403
925	World	roberta-large	roberta-large	Sports	0.26396000385284424
926	World	roberta-large	roberta-large	World	0.25771239399909973
927	Business	roberta-large	roberta-large	World	0.2780623733997345
928	Sci/Tech	roberta-large	roberta-large	Sports	0.270212858915329
929	Sci/Tech	roberta-large	roberta-large	World	0.26757514476776123
930	Sci/Tech	roberta-large	roberta-large	World	0.2833194434642792
931	World	roberta-large	roberta-large	World	0.26338064670562744
932	World	roberta-large	roberta-large	Business	0.2828647494316101
933	Business	roberta-large	roberta-large	World	0.2682284414768219
934	Sci/Tech	roberta-large	roberta-large	Sports	0.2637283205986023
935	Sci/Tech	roberta-large	roberta-large	World	0.26642006635665894
936	Sci/Tech	roberta-large	roberta-large	Sports	0.2694811224937439
937	World	roberta-large	roberta-large	World	0.28157666325569153
938	Business	roberta-large	roberta-large	World	0.2931685447692871
939	Sci/Tech	roberta-large	roberta-large	Sports	0.25683024525642395
940	Sci/Tech	roberta-large	roberta-large	World	0.26861852407455444
941	World	roberta-large	roberta-large	World	0.2647196054458618
942	World	roberta-large	roberta-large	World	0.26787588000297546
943	Business	roberta-large	roberta-large	World	0.2700514495372772
944	Business	roberta-large	roberta-large	World	0.26036402583122253
945	Business	roberta-large	roberta-large	World	0.27339744567871094
946	Business	roberta-large	roberta-large	Sports	0.2562262713909149
947	Business	roberta-large	roberta-large	Business	0.28844815492630005
948	Sci/Tech	roberta-large	roberta-large	Sports	0.28938817977905273
949	Sci/Tech	roberta-large	roberta-large	Business	0.2769319713115692
950	Sci/Tech	roberta-large	roberta-large	World	0.26478397846221924
951	World	roberta-large	roberta-large	Sports	0.27888402342796326
952	World	roberta-large	roberta-large	World	0.2766956090927124
953	World	roberta-large	roberta-large	World	0.286800354719162
954	World	roberta-large	roberta-large	World	0.28095561265945435
955	World	roberta-large	roberta-large	World	0.27024605870246887
956	Sci/Tech	roberta-large	roberta-large	Sports	0.2768467962741852
957	Sci/Tech	roberta-large	roberta-large	Sports	0.26186245679855347
958	Sports	roberta-large	roberta-large	World	0.26366809010505676
959	Business	roberta-large	roberta-large	World	0.2826802432537079
960	Business	roberta-large	roberta-large	World	0.2791256904602051
961	Sci/Tech	roberta-large	roberta-large	Sports	0.26032620668411255
962	Sci/Tech	roberta-large	roberta-large	World	0.2829495668411255
963	Business	roberta-large	roberta-large	Sports	0.26745447516441345
964	Business	roberta-large	roberta-large	Sports	0.2783253490924835
965	Sci/Tech	roberta-large	roberta-large	Business	0.2826327085494995
966	Sci/Tech	roberta-large	roberta-large	Sports	0.2591495215892792
967	Business	roberta-large	roberta-large	World	0.2714875340461731
968	Business	roberta-large	roberta-large	World	0.27716997265815735
969	Sci/Tech	roberta-large	roberta-large	Sports	0.26140064001083374
970	Sci/Tech	roberta-large	roberta-large	World	0.2596530616283417
971	Sci/Tech	roberta-large	roberta-large	Sports	0.2633744776248932
972	Sci/Tech	roberta-large	roberta-large	World	0.27278003096580505
973	Sci/Tech	roberta-large	roberta-large	World	0.2710806429386139
974	Sci/Tech	roberta-large	roberta-large	World	0.26965636014938354
975	Sci/Tech	roberta-large	roberta-large	World	0.28540724515914917
976	Sports	roberta-large	roberta-large	World	0.27556324005126953
977	Sports	roberta-large	roberta-large	Business	0.2813415825366974
978	Sports	roberta-large	roberta-large	Sports	0.2752700746059418
979	World	roberta-large	roberta-large	World	0.2572886645793915
980	World	roberta-large	roberta-large	World	0.2561362385749817
981	World	roberta-large	roberta-large	Sports	0.27198171615600586
982	World	roberta-large	roberta-large	World	0.2674645185470581
983	World	roberta-large	roberta-large	World	0.2771683633327484
984	Sci/Tech	roberta-large	roberta-large	Sports	0.26443397998809814
985	Sci/Tech	roberta-large	roberta-large	World	0.2701886296272278
986	Sci/Tech	roberta-large	roberta-large	World	0.27246585488319397
987	Sci/Tech	roberta-large	roberta-large	Sports	0.27450671792030334
988	World	roberta-large	roberta-large	Sports	0.2956370413303375
989	Sci/Tech	roberta-large	roberta-large	World	0.2718754708766937
990	Sci/Tech	roberta-large	roberta-large	World	0.2792506217956543
991	Sci/Tech	roberta-large	roberta-large	World	0.2636187672615051
992	Sci/Tech	roberta-large	roberta-large	World	0.26864030957221985
993	Sci/Tech	roberta-large	roberta-large	World	0.26395806670188904
994	Business	roberta-large	roberta-large	Sports	0.2771555483341217
995	Business	roberta-large	roberta-large	Sports	0.2749960124492645
996	Sci/Tech	roberta-large	roberta-large	World	0.2794017195701599
997	Sci/Tech	roberta-large	roberta-large	World	0.27472805976867676
998	Sci/Tech	roberta-large	roberta-large	World	0.2782684862613678
999	Sci/Tech	roberta-large	roberta-large	World	0.28128674626350403
